<?xml version="1.0" encoding="UTF-8"?>
<project-private xmlns="http://www.netbeans.org/ns/project-private/1">
    <editor-bookmarks xmlns="http://www.netbeans.org/ns/editor-bookmarks/2" lastBookmarkId="0"/>
    <open-files xmlns="http://www.netbeans.org/ns/projectui-open-files/2">
        <group>
            <file>file:/C:/Users/csari/Videos/2110655_Group34_OwnContribution/src/SalesManager/SalesmanagerNewBookingController.java</file>
            <file>file:/C:/Users/csari/Videos/2110655_Group34_OwnContribution/src/RevenueManager/RevenueManagerDashboardController.java</file>
            <file>file:/C:/Users/csari/Videos/2110655_Group34_OwnContribution/src/ModelClass/SalesManager.java</file>
            <file>file:/C:/Users/csari/Videos/2110655_Group34_OwnContribution/src/SalesManager/SalesmanagerCancelBookingController.java</file>
            <file>file:/C:/Users/csari/Videos/2110655_Group34_OwnContribution/src/RevenueManager/RevenueManagerManagediscountsController.java</file>
            <file>file:/C:/Users/csari/Videos/2110655_Group34_OwnContribution/src/ModelClass/RevenueManager.java</file>
            <file>file:/C:/Users/csari/Videos/2110655_Group34_OwnContribution/src/SalesManager/SalesmanagerViewroomAvailibilityController.java</file>
            <file>file:/C:/Users/csari/Videos/2110655_Group34_OwnContribution/src/RevenueManager/RevenueManagerGenerateReportController.java</file>
            <file>file:/C:/Users/csari/Videos/2110655_Group34_OwnContribution/src/SalesManager/SalesmanagerMonitorSalesPerformanceController.java</file>
            <file>file:/C:/Users/csari/Videos/2110655_Group34_OwnContribution/src/RevenueManager/RevenueManagerAnalyzeRevenuedataController.java</file>
            <file>file:/C:/Users/csari/Videos/2110655_Group34_OwnContribution/src/ModelClass/Booking.java</file>
            <file>file:/C:/Users/csari/Videos/2110655_Group34_OwnContribution/src/ModelClass/SalesPerformance.java</file>
            <file>file:/C:/Users/csari/Videos/2110655_Group34_OwnContribution/src/ModelClass/Room.java</file>
        </group>
    </open-files>
</project-private>
